Index,Symbol
246,GLBSL
247,SAND2085
248,SMFBS
249,UNHPL
250,ILBS
251,SRD80
252,NBF2
253,GBD80/81
254,RHPL
255,SJCL
256,SABSL
257,AKBSLP
258,NIBD2082
259,GGBSL
260,TMDBL
261,TMDBLP
262,SIGS2
263,SAPDBL
264,SAPDBLP
265,CMF2
266,NICBF
267,NMB50
268,NICD83/84
269,NICAD8283
270,SBLD2082
271,HBLD83
272,SFMF
273,SRBLD83
274,HDHPC
275,NRIC
276,KBLD86
277,NICLBSL
278,SBIBD86
279,AIL
280,NICAD8182
281,SDLBSL
282,NRN
283,RLI
284,LUK
285,LEC
286,PBLD84
287,GIC
288,SSHL
289,SGI
290,SLBSP
291,MEN
292,UMRH
293,PLI
